{
  "hash": "5ac93b84",
  "configHash": "014724b8",
  "lockfileHash": "2353502c",
  "browserHash": "78767f08",
  "optimized": {
    "@angular/common/http": {
      "src": "../../../../../node_modules/@angular/common/fesm2022/http.mjs",
      "file": "@angular_common_http.js",
      "fileHash": "f8f971ba",
      "needsInterop": false
    },
    "@angular/core": {
      "src": "../../../../../node_modules/@angular/core/fesm2022/core.mjs",
      "file": "@angular_core.js",
      "fileHash": "9432946e",
      "needsInterop": false
    },
    "@angular/forms": {
      "src": "../../../../../node_modules/@angular/forms/fesm2022/forms.mjs",
      "file": "@angular_forms.js",
      "fileHash": "aad498c2",
      "needsInterop": false
    },
    "@angular/material/table": {
      "src": "../../../../../node_modules/@angular/material/fesm2022/table.mjs",
      "file": "@angular_material_table.js",
      "fileHash": "e2762ec9",
      "needsInterop": false
    },
    "@angular/platform-browser": {
      "src": "../../../../../node_modules/@angular/platform-browser/fesm2022/platform-browser.mjs",
      "file": "@angular_platform-browser.js",
      "fileHash": "46a29b16",
      "needsInterop": false
    },
    "@angular/platform-browser/animations": {
      "src": "../../../../../node_modules/@angular/platform-browser/fesm2022/animations.mjs",
      "file": "@angular_platform-browser_animations.js",
      "fileHash": "e842e625",
      "needsInterop": false
    },
    "@angular/router": {
      "src": "../../../../../node_modules/@angular/router/fesm2022/router.mjs",
      "file": "@angular_router.js",
      "fileHash": "5f4cfebe",
      "needsInterop": false
    }
  },
  "chunks": {
    "chunk-4ZNXWDSS": {
      "file": "chunk-4ZNXWDSS.js"
    },
    "chunk-ZIHRWEB2": {
      "file": "chunk-ZIHRWEB2.js"
    },
    "chunk-B3M2ZSKL": {
      "file": "chunk-B3M2ZSKL.js"
    },
    "chunk-XPJ6PPQG": {
      "file": "chunk-XPJ6PPQG.js"
    },
    "chunk-LTPMASOC": {
      "file": "chunk-LTPMASOC.js"
    }
  }
}